[
  { "inputs": [], "payable": false, "stateMutability": "nonpayable", "type": "constructor" },
  {
    "anonymous": false,
    "inputs": [
      { "indexed": false, "internalType": "uint256", "name": "interestAccumulated", "type": "uint256" },
      { "indexed": false, "internalType": "uint256", "name": "borrowIndex", "type": "uint256" },
      { "indexed": false, "internalType": "uint256", "name": "totalBorrows", "type": "uint256" }
    ],
    "name": "AccrueInterest",
    "type": "event"
  },
  {
    "anonymous": false,
    "inputs": [
      { "indexed": true, "internalType": "address", "name": "owner", "type": "address" },
      { "indexed": true, "internalType": "address", "name": "spender", "type": "address" },
      { "indexed": false, "internalType": "uint256", "name": "value", "type": "uint256" }
    ],
    "name": "Approval",
    "type": "event"
  },
  {
    "anonymous": false,
    "inputs": [
      { "indexed": true, "internalType": "address", "name": "sender", "type": "address" },
      { "indexed": true, "internalType": "address", "name": "borrower", "type": "address" },
      { "indexed": true, "internalType": "address", "name": "receiver", "type": "address" },
      { "indexed": false, "internalType": "uint256", "name": "borrowAmount", "type": "uint256" },
      { "indexed": false, "internalType": "uint256", "name": "repayAmount", "type": "uint256" },
      { "indexed": false, "internalType": "uint256", "name": "accountBorrowsPrior", "type": "uint256" },
      { "indexed": false, "internalType": "uint256", "name": "accountBorrows", "type": "uint256" },
      { "indexed": false, "internalType": "uint256", "name": "totalBorrows", "type": "uint256" }
    ],
    "name": "Borrow",
    "type": "event"
  },
  {
    "anonymous": false,
    "inputs": [
      { "indexed": true, "internalType": "address", "name": "owner", "type": "address" },
      { "indexed": true, "internalType": "address", "name": "spender", "type": "address" },
      { "indexed": false, "internalType": "uint256", "name": "value", "type": "uint256" }
    ],
    "name": "BorrowApproval",
    "type": "event"
  },
  {
    "anonymous": false,
    "inputs": [{ "indexed": false, "internalType": "uint256", "name": "borrowRate", "type": "uint256" }],
    "name": "CalculateBorrowRate",
    "type": "event"
  },
  {
    "anonymous": false,
    "inputs": [{ "indexed": false, "internalType": "uint256", "name": "kinkRate", "type": "uint256" }],
    "name": "CalculateKink",
    "type": "event"
  },
  {
    "anonymous": false,
    "inputs": [{ "indexed": false, "internalType": "uint256", "name": "kinkBorrowRate", "type": "uint256" }],
    "name": "CalculateKinkBorrowRate",
    "type": "event"
  },
  {
    "anonymous": false,
    "inputs": [
      { "indexed": true, "internalType": "address", "name": "sender", "type": "address" },
      { "indexed": true, "internalType": "address", "name": "borrower", "type": "address" },
      { "indexed": true, "internalType": "address", "name": "liquidator", "type": "address" },
      { "indexed": false, "internalType": "uint256", "name": "seizeTokens", "type": "uint256" },
      { "indexed": false, "internalType": "uint256", "name": "repayAmount", "type": "uint256" },
      { "indexed": false, "internalType": "uint256", "name": "accountBorrowsPrior", "type": "uint256" },
      { "indexed": false, "internalType": "uint256", "name": "accountBorrows", "type": "uint256" },
      { "indexed": false, "internalType": "uint256", "name": "totalBorrows", "type": "uint256" }
    ],
    "name": "Liquidate",
    "type": "event"
  },
  {
    "anonymous": false,
    "inputs": [
      { "indexed": true, "internalType": "address", "name": "sender", "type": "address" },
      { "indexed": true, "internalType": "address", "name": "minter", "type": "address" },
      { "indexed": false, "internalType": "uint256", "name": "mintAmount", "type": "uint256" },
      { "indexed": false, "internalType": "uint256", "name": "mintTokens", "type": "uint256" }
    ],
    "name": "Mint",
    "type": "event"
  },
  {
    "anonymous": false,
    "inputs": [{ "indexed": false, "internalType": "uint256", "name": "newAdjustSpeed", "type": "uint256" }],
    "name": "NewAdjustSpeed",
    "type": "event"
  },
  {
    "anonymous": false,
    "inputs": [{ "indexed": false, "internalType": "address", "name": "newBorrowTracker", "type": "address" }],
    "name": "NewBorrowTracker",
    "type": "event"
  },
  {
    "anonymous": false,
    "inputs": [{ "indexed": false, "internalType": "uint256", "name": "newKinkUtilizationRate", "type": "uint256" }],
    "name": "NewKinkUtilizationRate",
    "type": "event"
  },
  {
    "anonymous": false,
    "inputs": [{ "indexed": false, "internalType": "uint256", "name": "newReserveFactor", "type": "uint256" }],
    "name": "NewReserveFactor",
    "type": "event"
  },
  {
    "anonymous": false,
    "inputs": [
      { "indexed": true, "internalType": "address", "name": "sender", "type": "address" },
      { "indexed": true, "internalType": "address", "name": "redeemer", "type": "address" },
      { "indexed": false, "internalType": "uint256", "name": "redeemAmount", "type": "uint256" },
      { "indexed": false, "internalType": "uint256", "name": "redeemTokens", "type": "uint256" }
    ],
    "name": "Redeem",
    "type": "event"
  },
  {
    "anonymous": false,
    "inputs": [{ "indexed": false, "internalType": "uint256", "name": "totalBalance", "type": "uint256" }],
    "name": "Sync",
    "type": "event"
  },
  {
    "anonymous": false,
    "inputs": [
      { "indexed": true, "internalType": "address", "name": "from", "type": "address" },
      { "indexed": true, "internalType": "address", "name": "to", "type": "address" },
      { "indexed": false, "internalType": "uint256", "name": "value", "type": "uint256" }
    ],
    "name": "Transfer",
    "type": "event"
  },
  {
    "constant": true,
    "inputs": [],
    "name": "ADJUST_SPEED_MAX",
    "outputs": [{ "internalType": "uint256", "name": "", "type": "uint256" }],
    "payable": false,
    "stateMutability": "view",
    "type": "function"
  },
  {
    "constant": true,
    "inputs": [],
    "name": "ADJUST_SPEED_MIN",
    "outputs": [{ "internalType": "uint256", "name": "", "type": "uint256" }],
    "payable": false,
    "stateMutability": "view",
    "type": "function"
  },
  {
    "constant": true,
    "inputs": [],
    "name": "BORROW_FEE",
    "outputs": [{ "internalType": "uint256", "name": "", "type": "uint256" }],
    "payable": false,
    "stateMutability": "view",
    "type": "function"
  },
  {
    "constant": true,
    "inputs": [],
    "name": "BORROW_PERMIT_TYPEHASH",
    "outputs": [{ "internalType": "bytes32", "name": "", "type": "bytes32" }],
    "payable": false,
    "stateMutability": "view",
    "type": "function"
  },
  {
    "constant": true,
    "inputs": [],
    "name": "DOMAIN_SEPARATOR",
    "outputs": [{ "internalType": "bytes32", "name": "", "type": "bytes32" }],
    "payable": false,
    "stateMutability": "view",
    "type": "function"
  },
  {
    "constant": true,
    "inputs": [],
    "name": "KINK_BORROW_RATE_MAX",
    "outputs": [{ "internalType": "uint256", "name": "", "type": "uint256" }],
    "payable": false,
    "stateMutability": "view",
    "type": "function"
  },
  {
    "constant": true,
    "inputs": [],
    "name": "KINK_BORROW_RATE_MIN",
    "outputs": [{ "internalType": "uint256", "name": "", "type": "uint256" }],
    "payable": false,
    "stateMutability": "view",
    "type": "function"
  },
  {
    "constant": true,
    "inputs": [],
    "name": "KINK_MULTIPLIER",
    "outputs": [{ "internalType": "uint256", "name": "", "type": "uint256" }],
    "payable": false,
    "stateMutability": "view",
    "type": "function"
  },
  {
    "constant": true,
    "inputs": [],
    "name": "KINK_UR_MAX",
    "outputs": [{ "internalType": "uint256", "name": "", "type": "uint256" }],
    "payable": false,
    "stateMutability": "view",
    "type": "function"
  },
  {
    "constant": true,
    "inputs": [],
    "name": "KINK_UR_MIN",
    "outputs": [{ "internalType": "uint256", "name": "", "type": "uint256" }],
    "payable": false,
    "stateMutability": "view",
    "type": "function"
  },
  {
    "constant": true,
    "inputs": [],
    "name": "MINIMUM_LIQUIDITY",
    "outputs": [{ "internalType": "uint256", "name": "", "type": "uint256" }],
    "payable": false,
    "stateMutability": "view",
    "type": "function"
  },
  {
    "constant": true,
    "inputs": [],
    "name": "PERMIT_TYPEHASH",
    "outputs": [{ "internalType": "bytes32", "name": "", "type": "bytes32" }],
    "payable": false,
    "stateMutability": "view",
    "type": "function"
  },
  {
    "constant": true,
    "inputs": [],
    "name": "RESERVE_FACTOR_MAX",
    "outputs": [{ "internalType": "uint256", "name": "", "type": "uint256" }],
    "payable": false,
    "stateMutability": "view",
    "type": "function"
  },
  {
    "constant": false,
    "inputs": [
      { "internalType": "string", "name": "_name", "type": "string" },
      { "internalType": "string", "name": "_symbol", "type": "string" },
      { "internalType": "address", "name": "_underlying", "type": "address" },
      { "internalType": "address", "name": "_collateral", "type": "address" }
    ],
    "name": "_initialize",
    "outputs": [],
    "payable": false,
    "stateMutability": "nonpayable",
    "type": "function"
  },
  {
    "constant": false,
    "inputs": [{ "internalType": "uint256", "name": "newAdjustSpeed", "type": "uint256" }],
    "name": "_setAdjustSpeed",
    "outputs": [],
    "payable": false,
    "stateMutability": "nonpayable",
    "type": "function"
  },
  {
    "constant": false,
    "inputs": [{ "internalType": "address", "name": "newBorrowTracker", "type": "address" }],
    "name": "_setBorrowTracker",
    "outputs": [],
    "payable": false,
    "stateMutability": "nonpayable",
    "type": "function"
  },
  {
    "constant": false,
    "inputs": [],
    "name": "_setFactory",
    "outputs": [],
    "payable": false,
    "stateMutability": "nonpayable",
    "type": "function"
  },
  {
    "constant": false,
    "inputs": [{ "internalType": "uint256", "name": "newKinkUtilizationRate", "type": "uint256" }],
    "name": "_setKinkUtilizationRate",
    "outputs": [],
    "payable": false,
    "stateMutability": "nonpayable",
    "type": "function"
  },
  {
    "constant": false,
    "inputs": [{ "internalType": "uint256", "name": "newReserveFactor", "type": "uint256" }],
    "name": "_setReserveFactor",
    "outputs": [],
    "payable": false,
    "stateMutability": "nonpayable",
    "type": "function"
  },
  {
    "constant": true,
    "inputs": [],
    "name": "accrualTimestamp",
    "outputs": [{ "internalType": "uint32", "name": "", "type": "uint32" }],
    "payable": false,
    "stateMutability": "view",
    "type": "function"
  },
  {
    "constant": false,
    "inputs": [],
    "name": "accrueInterest",
    "outputs": [],
    "payable": false,
    "stateMutability": "nonpayable",
    "type": "function"
  },
  {
    "constant": true,
    "inputs": [],
    "name": "adjustSpeed",
    "outputs": [{ "internalType": "uint256", "name": "", "type": "uint256" }],
    "payable": false,
    "stateMutability": "view",
    "type": "function"
  },
  {
    "constant": true,
    "inputs": [
      { "internalType": "address", "name": "", "type": "address" },
      { "internalType": "address", "name": "", "type": "address" }
    ],
    "name": "allowance",
    "outputs": [{ "internalType": "uint256", "name": "", "type": "uint256" }],
    "payable": false,
    "stateMutability": "view",
    "type": "function"
  },
  {
    "constant": false,
    "inputs": [
      { "internalType": "address", "name": "spender", "type": "address" },
      { "internalType": "uint256", "name": "value", "type": "uint256" }
    ],
    "name": "approve",
    "outputs": [{ "internalType": "bool", "name": "", "type": "bool" }],
    "payable": false,
    "stateMutability": "nonpayable",
    "type": "function"
  },
  {
    "constant": true,
    "inputs": [{ "internalType": "address", "name": "", "type": "address" }],
    "name": "balanceOf",
    "outputs": [{ "internalType": "uint256", "name": "", "type": "uint256" }],
    "payable": false,
    "stateMutability": "view",
    "type": "function"
  },
  {
    "constant": false,
    "inputs": [
      { "internalType": "address", "name": "borrower", "type": "address" },
      { "internalType": "address", "name": "receiver", "type": "address" },
      { "internalType": "uint256", "name": "borrowAmount", "type": "uint256" },
      { "internalType": "bytes", "name": "data", "type": "bytes" }
    ],
    "name": "borrow",
    "outputs": [],
    "payable": false,
    "stateMutability": "nonpayable",
    "type": "function"
  },
  {
    "constant": true,
    "inputs": [
      { "internalType": "address", "name": "", "type": "address" },
      { "internalType": "address", "name": "", "type": "address" }
    ],
    "name": "borrowAllowance",
    "outputs": [{ "internalType": "uint256", "name": "", "type": "uint256" }],
    "payable": false,
    "stateMutability": "view",
    "type": "function"
  },
  {
    "constant": false,
    "inputs": [
      { "internalType": "address", "name": "spender", "type": "address" },
      { "internalType": "uint256", "name": "value", "type": "uint256" }
    ],
    "name": "borrowApprove",
    "outputs": [{ "internalType": "bool", "name": "", "type": "bool" }],
    "payable": false,
    "stateMutability": "nonpayable",
    "type": "function"
  },
  {
    "constant": true,
    "inputs": [{ "internalType": "address", "name": "borrower", "type": "address" }],
    "name": "borrowBalance",
    "outputs": [{ "internalType": "uint256", "name": "", "type": "uint256" }],
    "payable": false,
    "stateMutability": "view",
    "type": "function"
  },
  {
    "constant": true,
    "inputs": [],
    "name": "borrowIndex",
    "outputs": [{ "internalType": "uint112", "name": "", "type": "uint112" }],
    "payable": false,
    "stateMutability": "view",
    "type": "function"
  },
  {
    "constant": false,
    "inputs": [
      { "internalType": "address", "name": "owner", "type": "address" },
      { "internalType": "address", "name": "spender", "type": "address" },
      { "internalType": "uint256", "name": "value", "type": "uint256" },
      { "internalType": "uint256", "name": "deadline", "type": "uint256" },
      { "internalType": "uint8", "name": "v", "type": "uint8" },
      { "internalType": "bytes32", "name": "r", "type": "bytes32" },
      { "internalType": "bytes32", "name": "s", "type": "bytes32" }
    ],
    "name": "borrowPermit",
    "outputs": [],
    "payable": false,
    "stateMutability": "nonpayable",
    "type": "function"
  },
  {
    "constant": true,
    "inputs": [],
    "name": "borrowRate",
    "outputs": [{ "internalType": "uint48", "name": "", "type": "uint48" }],
    "payable": false,
    "stateMutability": "view",
    "type": "function"
  },
  {
    "constant": true,
    "inputs": [],
    "name": "borrowTracker",
    "outputs": [{ "internalType": "address", "name": "", "type": "address" }],
    "payable": false,
    "stateMutability": "view",
    "type": "function"
  },
  {
    "constant": true,
    "inputs": [],
    "name": "collateral",
    "outputs": [{ "internalType": "address", "name": "", "type": "address" }],
    "payable": false,
    "stateMutability": "view",
    "type": "function"
  },
  {
    "constant": true,
    "inputs": [],
    "name": "decimals",
    "outputs": [{ "internalType": "uint8", "name": "", "type": "uint8" }],
    "payable": false,
    "stateMutability": "view",
    "type": "function"
  },
  {
    "constant": false,
    "inputs": [],
    "name": "exchangeRate",
    "outputs": [{ "internalType": "uint256", "name": "", "type": "uint256" }],
    "payable": false,
    "stateMutability": "nonpayable",
    "type": "function"
  },
  {
    "constant": true,
    "inputs": [],
    "name": "exchangeRateLast",
    "outputs": [{ "internalType": "uint256", "name": "", "type": "uint256" }],
    "payable": false,
    "stateMutability": "view",
    "type": "function"
  },
  {
    "constant": true,
    "inputs": [],
    "name": "factory",
    "outputs": [{ "internalType": "address", "name": "", "type": "address" }],
    "payable": false,
    "stateMutability": "view",
    "type": "function"
  },
  {
    "constant": true,
    "inputs": [],
    "name": "getBlockTimestamp",
    "outputs": [{ "internalType": "uint32", "name": "", "type": "uint32" }],
    "payable": false,
    "stateMutability": "view",
    "type": "function"
  },
  {
    "constant": true,
    "inputs": [],
    "name": "kinkBorrowRate",
    "outputs": [{ "internalType": "uint48", "name": "", "type": "uint48" }],
    "payable": false,
    "stateMutability": "view",
    "type": "function"
  },
  {
    "constant": true,
    "inputs": [],
    "name": "kinkUtilizationRate",
    "outputs": [{ "internalType": "uint256", "name": "", "type": "uint256" }],
    "payable": false,
    "stateMutability": "view",
    "type": "function"
  },
  {
    "constant": false,
    "inputs": [
      { "internalType": "address", "name": "borrower", "type": "address" },
      { "internalType": "address", "name": "liquidator", "type": "address" }
    ],
    "name": "liquidate",
    "outputs": [{ "internalType": "uint256", "name": "seizeTokens", "type": "uint256" }],
    "payable": false,
    "stateMutability": "nonpayable",
    "type": "function"
  },
  {
    "constant": false,
    "inputs": [{ "internalType": "address", "name": "minter", "type": "address" }],
    "name": "mint",
    "outputs": [{ "internalType": "uint256", "name": "mintTokens", "type": "uint256" }],
    "payable": false,
    "stateMutability": "nonpayable",
    "type": "function"
  },
  {
    "constant": true,
    "inputs": [],
    "name": "name",
    "outputs": [{ "internalType": "string", "name": "", "type": "string" }],
    "payable": false,
    "stateMutability": "view",
    "type": "function"
  },
  {
    "constant": true,
    "inputs": [{ "internalType": "address", "name": "", "type": "address" }],
    "name": "nonces",
    "outputs": [{ "internalType": "uint256", "name": "", "type": "uint256" }],
    "payable": false,
    "stateMutability": "view",
    "type": "function"
  },
  {
    "constant": false,
    "inputs": [
      { "internalType": "address", "name": "owner", "type": "address" },
      { "internalType": "address", "name": "spender", "type": "address" },
      { "internalType": "uint256", "name": "value", "type": "uint256" },
      { "internalType": "uint256", "name": "deadline", "type": "uint256" },
      { "internalType": "uint8", "name": "v", "type": "uint8" },
      { "internalType": "bytes32", "name": "r", "type": "bytes32" },
      { "internalType": "bytes32", "name": "s", "type": "bytes32" }
    ],
    "name": "permit",
    "outputs": [],
    "payable": false,
    "stateMutability": "nonpayable",
    "type": "function"
  },
  {
    "constant": true,
    "inputs": [],
    "name": "rateUpdateTimestamp",
    "outputs": [{ "internalType": "uint32", "name": "", "type": "uint32" }],
    "payable": false,
    "stateMutability": "view",
    "type": "function"
  },
  {
    "constant": false,
    "inputs": [{ "internalType": "address", "name": "redeemer", "type": "address" }],
    "name": "redeem",
    "outputs": [{ "internalType": "uint256", "name": "redeemAmount", "type": "uint256" }],
    "payable": false,
    "stateMutability": "nonpayable",
    "type": "function"
  },
  {
    "constant": true,
    "inputs": [],
    "name": "reserveFactor",
    "outputs": [{ "internalType": "uint256", "name": "", "type": "uint256" }],
    "payable": false,
    "stateMutability": "view",
    "type": "function"
  },
  {
    "constant": false,
    "inputs": [{ "internalType": "address", "name": "to", "type": "address" }],
    "name": "skim",
    "outputs": [],
    "payable": false,
    "stateMutability": "nonpayable",
    "type": "function"
  },
  {
    "constant": true,
    "inputs": [],
    "name": "symbol",
    "outputs": [{ "internalType": "string", "name": "", "type": "string" }],
    "payable": false,
    "stateMutability": "view",
    "type": "function"
  },
  {
    "constant": false,
    "inputs": [],
    "name": "sync",
    "outputs": [],
    "payable": false,
    "stateMutability": "nonpayable",
    "type": "function"
  },
  {
    "constant": true,
    "inputs": [],
    "name": "totalBalance",
    "outputs": [{ "internalType": "uint256", "name": "", "type": "uint256" }],
    "payable": false,
    "stateMutability": "view",
    "type": "function"
  },
  {
    "constant": true,
    "inputs": [],
    "name": "totalBorrows",
    "outputs": [{ "internalType": "uint112", "name": "", "type": "uint112" }],
    "payable": false,
    "stateMutability": "view",
    "type": "function"
  },
  {
    "constant": true,
    "inputs": [],
    "name": "totalSupply",
    "outputs": [{ "internalType": "uint256", "name": "", "type": "uint256" }],
    "payable": false,
    "stateMutability": "view",
    "type": "function"
  },
  {
    "constant": false,
    "inputs": [{ "internalType": "address", "name": "borrower", "type": "address" }],
    "name": "trackBorrow",
    "outputs": [],
    "payable": false,
    "stateMutability": "nonpayable",
    "type": "function"
  },
  {
    "constant": false,
    "inputs": [
      { "internalType": "address", "name": "to", "type": "address" },
      { "internalType": "uint256", "name": "value", "type": "uint256" }
    ],
    "name": "transfer",
    "outputs": [{ "internalType": "bool", "name": "", "type": "bool" }],
    "payable": false,
    "stateMutability": "nonpayable",
    "type": "function"
  },
  {
    "constant": false,
    "inputs": [
      { "internalType": "address", "name": "from", "type": "address" },
      { "internalType": "address", "name": "to", "type": "address" },
      { "internalType": "uint256", "name": "value", "type": "uint256" }
    ],
    "name": "transferFrom",
    "outputs": [{ "internalType": "bool", "name": "", "type": "bool" }],
    "payable": false,
    "stateMutability": "nonpayable",
    "type": "function"
  },
  {
    "constant": true,
    "inputs": [],
    "name": "underlying",
    "outputs": [{ "internalType": "address", "name": "", "type": "address" }],
    "payable": false,
    "stateMutability": "view",
    "type": "function"
  }
]
